{
    "colors": [
        {
            "r": 0.24377000331878663,
            "g": 0.6226415038108826,
            "b": 0.2582342028617859
        },
        {
            "r": 0.6235294342041016,
            "g": 0.24313722550868989,
            "b": 0.2831636667251587
        },
        {
            "r": 0.24313722550868989,
            "g": 0.3127647340297699,
            "b": 0.6235294342041016
        }
    ]
}